{
  "_meta": {
    "temperature": 0.0,
    "max_iterations": 15,
    "trials": 1,
    "num_workers": 6,
    "reasoning_effort": "high",
    "generated_at_unix": 1768211558.2673903,
    "cancelled": false,
    "completed_records": 500
  },
  "gpt-5.2|no-tools": {
    "per_trial": {
      "0": {
        "total": 500,
        "correct": 37,
        "answered": 39,
        "accuracy": 0.074,
        "accuracy_answered": 0.9487179487179487,
        "coverage": 0.078,
        "precision_fake": 0.9487179487179487,
        "recall_fake": 1.0,
        "f1_fake": 0.9736842105263158,
        "precision_real": 0.0,
        "recall_real": 0.0,
        "f1_real": 0.0,
        "balanced_accuracy": 0.5,
        "balanced_accuracy_answered": 0.5,
        "precision_fake_answered": 0.9487179487179487,
        "recall_fake_answered": 1.0,
        "f1_fake_answered": 0.9736842105263158,
        "precision_real_answered": 0.0,
        "recall_real_answered": 0.0,
        "f1_real_answered": 0.0,
        "avg_confidence": 0.8058974358974359,
        "avg_latency_seconds": 0.03789492753835825,
        "avg_tool_count": 0.0,
        "avg_tool_seconds_total": 0.0,
        "abstain_count": 461,
        "abstain_count_fake": 210,
        "abstain_count_real": 251,
        "error_count": 0,
        "abstain_rate": 0.922,
        "abstain_rate_fake": 0.8502024291497976,
        "abstain_rate_real": 0.9920948616600791,
        "error_rate": 0.0,
        "coverage_fake": 0.14979757085020243,
        "coverage_real": 0.007905138339920948,
        "fake_slip_rate": 0.0,
        "real_false_flag_rate": 0.007905138339920948,
        "fake_catch_rate": 0.14979757085020243,
        "real_pass_rate": 0.0,
        "confusion": {
          "tp": 37,
          "tn": 0,
          "fp": 2,
          "fn": 0
        },
        "support": {
          "real": 253,
          "fake": 247
        }
      }
    },
    "summary": {
      "mean": {
        "accuracy": 0.074,
        "accuracy_answered": 0.9487179487179487,
        "coverage": 0.078,
        "balanced_accuracy": 0.5,
        "balanced_accuracy_answered": 0.5,
        "f1_fake": 0.9736842105263158,
        "f1_real": 0.0,
        "precision_fake": 0.9487179487179487,
        "recall_fake": 1.0,
        "precision_real": 0.0,
        "recall_real": 0.0,
        "abstain_rate": 0.922,
        "abstain_rate_fake": 0.8502024291497976,
        "abstain_rate_real": 0.9920948616600791,
        "coverage_fake": 0.14979757085020243,
        "coverage_real": 0.007905138339920948,
        "fake_slip_rate": 0.0,
        "real_false_flag_rate": 0.007905138339920948,
        "fake_catch_rate": 0.14979757085020243,
        "real_pass_rate": 0.0
      },
      "std": {
        "accuracy": 0.0,
        "accuracy_answered": 0.0,
        "coverage": 0.0,
        "balanced_accuracy": 0.0,
        "balanced_accuracy_answered": 0.0,
        "f1_fake": 0.0,
        "f1_real": 0.0,
        "precision_fake": 0.0,
        "recall_fake": 0.0,
        "precision_real": 0.0,
        "recall_real": 0.0,
        "abstain_rate": 0.0,
        "abstain_rate_fake": 0.0,
        "abstain_rate_real": 0.0,
        "coverage_fake": 0.0,
        "coverage_real": 0.0,
        "fake_slip_rate": 0.0,
        "real_false_flag_rate": 0.0,
        "fake_catch_rate": 0.0,
        "real_pass_rate": 0.0
      },
      "mean_error_rate": 0.0,
      "mean_abstain_rate": 0.922,
      "totals": {
        "avg_total": 500,
        "avg_support_fake": 247,
        "avg_support_real": 253
      }
    }
  }
}