{
  "_meta": {
    "temperature": 0.0,
    "max_iterations": 15,
    "trials": 1,
    "num_workers": 6,
    "reasoning_effort": "high",
    "generated_at_unix": 1768144130.3084486,
    "cancelled": false,
    "completed_records": 1000
  },
  "gpt-5-mini|tools": {
    "per_trial": {
      "0": {
        "total": 500,
        "correct": 120,
        "answered": 147,
        "accuracy": 0.24,
        "accuracy_answered": 0.8163265306122449,
        "coverage": 0.294,
        "precision_fake": 0.7524752475247525,
        "recall_fake": 0.9743589743589743,
        "f1_fake": 0.8491620111731845,
        "precision_real": 0.9565217391304348,
        "recall_real": 0.6376811594202898,
        "f1_real": 0.7652173913043478,
        "balanced_accuracy": 0.806020066889632,
        "balanced_accuracy_answered": 0.806020066889632,
        "precision_fake_answered": 0.7524752475247525,
        "recall_fake_answered": 0.9743589743589743,
        "f1_fake_answered": 0.8491620111731845,
        "precision_real_answered": 0.9565217391304348,
        "recall_real_answered": 0.6376811594202898,
        "f1_real_answered": 0.7652173913043478,
        "avg_confidence": 0.7333333333333333,
        "avg_latency_seconds": 92.37122846298477,
        "avg_tool_count": 3.1156462585034013,
        "avg_tool_seconds_total": 0.18150113877241633,
        "abstain_count": 350,
        "abstain_count_fake": 167,
        "abstain_count_real": 183,
        "error_count": 3,
        "abstain_rate": 0.7,
        "abstain_rate_fake": 0.6761133603238867,
        "abstain_rate_real": 0.7233201581027668,
        "error_rate": 0.006,
        "coverage_fake": 0.32388663967611336,
        "coverage_real": 0.2766798418972332,
        "fake_slip_rate": 0.008097165991902834,
        "real_false_flag_rate": 0.09881422924901186,
        "fake_catch_rate": 0.3076923076923077,
        "real_pass_rate": 0.17391304347826086,
        "confusion": {
          "tp": 76,
          "tn": 44,
          "fp": 25,
          "fn": 2
        },
        "support": {
          "real": 253,
          "fake": 247
        }
      }
    },
    "summary": {
      "mean": {
        "accuracy": 0.24,
        "accuracy_answered": 0.8163265306122449,
        "coverage": 0.294,
        "balanced_accuracy": 0.806020066889632,
        "balanced_accuracy_answered": 0.806020066889632,
        "f1_fake": 0.8491620111731845,
        "f1_real": 0.7652173913043478,
        "precision_fake": 0.7524752475247525,
        "recall_fake": 0.9743589743589743,
        "precision_real": 0.9565217391304348,
        "recall_real": 0.6376811594202898,
        "abstain_rate": 0.7,
        "abstain_rate_fake": 0.6761133603238867,
        "abstain_rate_real": 0.7233201581027668,
        "coverage_fake": 0.32388663967611336,
        "coverage_real": 0.2766798418972332,
        "fake_slip_rate": 0.008097165991902834,
        "real_false_flag_rate": 0.09881422924901186,
        "fake_catch_rate": 0.3076923076923077,
        "real_pass_rate": 0.17391304347826086
      },
      "std": {
        "accuracy": 0.0,
        "accuracy_answered": 0.0,
        "coverage": 0.0,
        "balanced_accuracy": 0.0,
        "balanced_accuracy_answered": 0.0,
        "f1_fake": 0.0,
        "f1_real": 0.0,
        "precision_fake": 0.0,
        "recall_fake": 0.0,
        "precision_real": 0.0,
        "recall_real": 0.0,
        "abstain_rate": 0.0,
        "abstain_rate_fake": 0.0,
        "abstain_rate_real": 0.0,
        "coverage_fake": 0.0,
        "coverage_real": 0.0,
        "fake_slip_rate": 0.0,
        "real_false_flag_rate": 0.0,
        "fake_catch_rate": 0.0,
        "real_pass_rate": 0.0
      },
      "mean_error_rate": 0.006,
      "mean_abstain_rate": 0.7,
      "totals": {
        "avg_total": 500,
        "avg_support_fake": 247,
        "avg_support_real": 253
      }
    }
  },
  "gpt-5-mini|no-tools": {
    "per_trial": {
      "0": {
        "total": 500,
        "correct": 37,
        "answered": 39,
        "accuracy": 0.074,
        "accuracy_answered": 0.9487179487179487,
        "coverage": 0.078,
        "precision_fake": 0.9487179487179487,
        "recall_fake": 1.0,
        "f1_fake": 0.9736842105263158,
        "precision_real": 0.0,
        "recall_real": 0.0,
        "f1_real": 0.0,
        "balanced_accuracy": 0.5,
        "balanced_accuracy_answered": 0.5,
        "precision_fake_answered": 0.9487179487179487,
        "recall_fake_answered": 1.0,
        "f1_fake_answered": 0.9736842105263158,
        "precision_real_answered": 0.0,
        "recall_real_answered": 0.0,
        "f1_real_answered": 0.0,
        "avg_confidence": 0.8058974358974359,
        "avg_latency_seconds": 0.029143559627043895,
        "avg_tool_count": 0.0,
        "avg_tool_seconds_total": 0.0,
        "abstain_count": 461,
        "abstain_count_fake": 210,
        "abstain_count_real": 251,
        "error_count": 0,
        "abstain_rate": 0.922,
        "abstain_rate_fake": 0.8502024291497976,
        "abstain_rate_real": 0.9920948616600791,
        "error_rate": 0.0,
        "coverage_fake": 0.14979757085020243,
        "coverage_real": 0.007905138339920948,
        "fake_slip_rate": 0.0,
        "real_false_flag_rate": 0.007905138339920948,
        "fake_catch_rate": 0.14979757085020243,
        "real_pass_rate": 0.0,
        "confusion": {
          "tp": 37,
          "tn": 0,
          "fp": 2,
          "fn": 0
        },
        "support": {
          "real": 253,
          "fake": 247
        }
      }
    },
    "summary": {
      "mean": {
        "accuracy": 0.074,
        "accuracy_answered": 0.9487179487179487,
        "coverage": 0.078,
        "balanced_accuracy": 0.5,
        "balanced_accuracy_answered": 0.5,
        "f1_fake": 0.9736842105263158,
        "f1_real": 0.0,
        "precision_fake": 0.9487179487179487,
        "recall_fake": 1.0,
        "precision_real": 0.0,
        "recall_real": 0.0,
        "abstain_rate": 0.922,
        "abstain_rate_fake": 0.8502024291497976,
        "abstain_rate_real": 0.9920948616600791,
        "coverage_fake": 0.14979757085020243,
        "coverage_real": 0.007905138339920948,
        "fake_slip_rate": 0.0,
        "real_false_flag_rate": 0.007905138339920948,
        "fake_catch_rate": 0.14979757085020243,
        "real_pass_rate": 0.0
      },
      "std": {
        "accuracy": 0.0,
        "accuracy_answered": 0.0,
        "coverage": 0.0,
        "balanced_accuracy": 0.0,
        "balanced_accuracy_answered": 0.0,
        "f1_fake": 0.0,
        "f1_real": 0.0,
        "precision_fake": 0.0,
        "recall_fake": 0.0,
        "precision_real": 0.0,
        "recall_real": 0.0,
        "abstain_rate": 0.0,
        "abstain_rate_fake": 0.0,
        "abstain_rate_real": 0.0,
        "coverage_fake": 0.0,
        "coverage_real": 0.0,
        "fake_slip_rate": 0.0,
        "real_false_flag_rate": 0.0,
        "fake_catch_rate": 0.0,
        "real_pass_rate": 0.0
      },
      "mean_error_rate": 0.0,
      "mean_abstain_rate": 0.922,
      "totals": {
        "avg_total": 500,
        "avg_support_fake": 247,
        "avg_support_real": 253
      }
    }
  }
}