{
  "_meta": {
    "temperature": 0.0,
    "max_iterations": 15,
    "trials": 1,
    "num_workers": 6,
    "reasoning_effort": null,
    "generated_at_unix": 1768264836.7889333,
    "cancelled": false,
    "completed_records": 1000
  },
  "z-ai/glm-4.7:nitro|tools": {
    "per_trial": {
      "0": {
        "total": 500,
        "correct": 228,
        "answered": 254,
        "accuracy": 0.456,
        "accuracy_answered": 0.8976377952755905,
        "coverage": 0.508,
        "precision_fake": 0.8596491228070176,
        "recall_fake": 0.9074074074074074,
        "f1_fake": 0.8828828828828829,
        "precision_real": 0.9285714285714286,
        "recall_real": 0.8904109589041096,
        "f1_real": 0.9090909090909091,
        "balanced_accuracy": 0.8989091831557585,
        "balanced_accuracy_answered": 0.8989091831557585,
        "precision_fake_answered": 0.8596491228070176,
        "recall_fake_answered": 0.9074074074074074,
        "f1_fake_answered": 0.8828828828828829,
        "precision_real_answered": 0.9285714285714286,
        "recall_real_answered": 0.8904109589041096,
        "f1_real_answered": 0.9090909090909091,
        "avg_confidence": 0.7555905511811023,
        "avg_latency_seconds": 78.1257916351003,
        "avg_tool_count": 2.8149606299212597,
        "avg_tool_seconds_total": 0.05826022815200923,
        "abstain_count": 245,
        "abstain_count_fake": 139,
        "abstain_count_real": 106,
        "error_count": 1,
        "abstain_rate": 0.49,
        "abstain_rate_fake": 0.562753036437247,
        "abstain_rate_real": 0.4189723320158103,
        "error_rate": 0.002,
        "coverage_fake": 0.43724696356275305,
        "coverage_real": 0.5810276679841897,
        "fake_slip_rate": 0.04048582995951417,
        "real_false_flag_rate": 0.06324110671936758,
        "fake_catch_rate": 0.3967611336032389,
        "real_pass_rate": 0.5138339920948617,
        "confusion": {
          "tp": 98,
          "tn": 130,
          "fp": 16,
          "fn": 10
        },
        "support": {
          "real": 253,
          "fake": 247
        }
      }
    },
    "summary": {
      "mean": {
        "accuracy": 0.456,
        "accuracy_answered": 0.8976377952755905,
        "coverage": 0.508,
        "balanced_accuracy": 0.8989091831557585,
        "balanced_accuracy_answered": 0.8989091831557585,
        "f1_fake": 0.8828828828828829,
        "f1_real": 0.9090909090909091,
        "precision_fake": 0.8596491228070176,
        "recall_fake": 0.9074074074074074,
        "precision_real": 0.9285714285714286,
        "recall_real": 0.8904109589041096,
        "abstain_rate": 0.49,
        "abstain_rate_fake": 0.562753036437247,
        "abstain_rate_real": 0.4189723320158103,
        "coverage_fake": 0.43724696356275305,
        "coverage_real": 0.5810276679841897,
        "fake_slip_rate": 0.04048582995951417,
        "real_false_flag_rate": 0.06324110671936758,
        "fake_catch_rate": 0.3967611336032389,
        "real_pass_rate": 0.5138339920948617
      },
      "std": {
        "accuracy": 0.0,
        "accuracy_answered": 0.0,
        "coverage": 0.0,
        "balanced_accuracy": 0.0,
        "balanced_accuracy_answered": 0.0,
        "f1_fake": 0.0,
        "f1_real": 0.0,
        "precision_fake": 0.0,
        "recall_fake": 0.0,
        "precision_real": 0.0,
        "recall_real": 0.0,
        "abstain_rate": 0.0,
        "abstain_rate_fake": 0.0,
        "abstain_rate_real": 0.0,
        "coverage_fake": 0.0,
        "coverage_real": 0.0,
        "fake_slip_rate": 0.0,
        "real_false_flag_rate": 0.0,
        "fake_catch_rate": 0.0,
        "real_pass_rate": 0.0
      },
      "mean_error_rate": 0.002,
      "mean_abstain_rate": 0.49,
      "totals": {
        "avg_total": 500,
        "avg_support_fake": 247,
        "avg_support_real": 253
      }
    }
  },
  "z-ai/glm-4.7:nitro|no-tools": {
    "per_trial": {
      "0": {
        "total": 500,
        "correct": 457,
        "answered": 490,
        "accuracy": 0.914,
        "accuracy_answered": 0.9326530612244898,
        "coverage": 0.98,
        "precision_fake": 0.9813084112149533,
        "recall_fake": 0.8786610878661087,
        "f1_fake": 0.9271523178807947,
        "precision_real": 0.894927536231884,
        "recall_real": 0.9840637450199203,
        "f1_real": 0.937381404174573,
        "balanced_accuracy": 0.9313624164430145,
        "balanced_accuracy_answered": 0.9313624164430145,
        "precision_fake_answered": 0.9813084112149533,
        "recall_fake_answered": 0.8786610878661087,
        "f1_fake_answered": 0.9271523178807947,
        "precision_real_answered": 0.894927536231884,
        "recall_real_answered": 0.9840637450199203,
        "f1_real_answered": 0.937381404174573,
        "avg_confidence": 0.943469387755102,
        "avg_latency_seconds": 0.0348157921615912,
        "avg_tool_count": 0.0,
        "avg_tool_seconds_total": 0.0,
        "abstain_count": 10,
        "abstain_count_fake": 8,
        "abstain_count_real": 2,
        "error_count": 0,
        "abstain_rate": 0.02,
        "abstain_rate_fake": 0.032388663967611336,
        "abstain_rate_real": 0.007905138339920948,
        "error_rate": 0.0,
        "coverage_fake": 0.9676113360323887,
        "coverage_real": 0.9920948616600791,
        "fake_slip_rate": 0.11740890688259109,
        "real_false_flag_rate": 0.015810276679841896,
        "fake_catch_rate": 0.8502024291497976,
        "real_pass_rate": 0.9762845849802372,
        "confusion": {
          "tp": 210,
          "tn": 247,
          "fp": 4,
          "fn": 29
        },
        "support": {
          "real": 253,
          "fake": 247
        }
      }
    },
    "summary": {
      "mean": {
        "accuracy": 0.914,
        "accuracy_answered": 0.9326530612244898,
        "coverage": 0.98,
        "balanced_accuracy": 0.9313624164430145,
        "balanced_accuracy_answered": 0.9313624164430145,
        "f1_fake": 0.9271523178807947,
        "f1_real": 0.937381404174573,
        "precision_fake": 0.9813084112149533,
        "recall_fake": 0.8786610878661087,
        "precision_real": 0.894927536231884,
        "recall_real": 0.9840637450199203,
        "abstain_rate": 0.02,
        "abstain_rate_fake": 0.032388663967611336,
        "abstain_rate_real": 0.007905138339920948,
        "coverage_fake": 0.9676113360323887,
        "coverage_real": 0.9920948616600791,
        "fake_slip_rate": 0.11740890688259109,
        "real_false_flag_rate": 0.015810276679841896,
        "fake_catch_rate": 0.8502024291497976,
        "real_pass_rate": 0.9762845849802372
      },
      "std": {
        "accuracy": 0.0,
        "accuracy_answered": 0.0,
        "coverage": 0.0,
        "balanced_accuracy": 0.0,
        "balanced_accuracy_answered": 0.0,
        "f1_fake": 0.0,
        "f1_real": 0.0,
        "precision_fake": 0.0,
        "recall_fake": 0.0,
        "precision_real": 0.0,
        "recall_real": 0.0,
        "abstain_rate": 0.0,
        "abstain_rate_fake": 0.0,
        "abstain_rate_real": 0.0,
        "coverage_fake": 0.0,
        "coverage_real": 0.0,
        "fake_slip_rate": 0.0,
        "real_false_flag_rate": 0.0,
        "fake_catch_rate": 0.0,
        "real_pass_rate": 0.0
      },
      "mean_error_rate": 0.0,
      "mean_abstain_rate": 0.02,
      "totals": {
        "avg_total": 500,
        "avg_support_fake": 247,
        "avg_support_real": 253
      }
    }
  }
}