{
  "_meta": {
    "temperature": 0.0,
    "max_iterations": 15,
    "trials": 1,
    "num_workers": 6,
    "reasoning_effort": null,
    "generated_at_unix": 1768243034.4694104,
    "cancelled": false,
    "completed_records": 200
  },
  "moonshotai/kimi-k2-thinking:nitro|tools": {
    "per_trial": {
      "0": {
        "total": 200,
        "correct": 59,
        "answered": 71,
        "accuracy": 0.295,
        "accuracy_answered": 0.8309859154929577,
        "coverage": 0.355,
        "precision_fake": 0.7666666666666667,
        "recall_fake": 0.8214285714285714,
        "f1_fake": 0.793103448275862,
        "precision_real": 0.8780487804878049,
        "recall_real": 0.8372093023255814,
        "f1_real": 0.8571428571428572,
        "balanced_accuracy": 0.8293189368770764,
        "balanced_accuracy_answered": 0.8293189368770764,
        "precision_fake_answered": 0.7666666666666667,
        "recall_fake_answered": 0.8214285714285714,
        "f1_fake_answered": 0.793103448275862,
        "precision_real_answered": 0.8780487804878049,
        "recall_real_answered": 0.8372093023255814,
        "f1_real_answered": 0.8571428571428572,
        "avg_confidence": 0.8008450704225352,
        "avg_latency_seconds": 34.79878490407702,
        "avg_tool_count": 2.7464788732394365,
        "avg_tool_seconds_total": 0.03815709677761451,
        "abstain_count": 126,
        "abstain_count_fake": 69,
        "abstain_count_real": 57,
        "error_count": 3,
        "abstain_rate": 0.63,
        "abstain_rate_fake": 0.7040816326530612,
        "abstain_rate_real": 0.5588235294117647,
        "error_rate": 0.015,
        "coverage_fake": 0.29591836734693877,
        "coverage_real": 0.4411764705882353,
        "fake_slip_rate": 0.05102040816326531,
        "real_false_flag_rate": 0.06862745098039216,
        "fake_catch_rate": 0.23469387755102042,
        "real_pass_rate": 0.35294117647058826,
        "confusion": {
          "tp": 23,
          "tn": 36,
          "fp": 7,
          "fn": 5
        },
        "support": {
          "real": 102,
          "fake": 98
        }
      }
    },
    "summary": {
      "mean": {
        "accuracy": 0.295,
        "accuracy_answered": 0.8309859154929577,
        "coverage": 0.355,
        "balanced_accuracy": 0.8293189368770764,
        "balanced_accuracy_answered": 0.8293189368770764,
        "f1_fake": 0.793103448275862,
        "f1_real": 0.8571428571428572,
        "precision_fake": 0.7666666666666667,
        "recall_fake": 0.8214285714285714,
        "precision_real": 0.8780487804878049,
        "recall_real": 0.8372093023255814,
        "abstain_rate": 0.63,
        "abstain_rate_fake": 0.7040816326530612,
        "abstain_rate_real": 0.5588235294117647,
        "coverage_fake": 0.29591836734693877,
        "coverage_real": 0.4411764705882353,
        "fake_slip_rate": 0.05102040816326531,
        "real_false_flag_rate": 0.06862745098039216,
        "fake_catch_rate": 0.23469387755102042,
        "real_pass_rate": 0.35294117647058826
      },
      "std": {
        "accuracy": 0.0,
        "accuracy_answered": 0.0,
        "coverage": 0.0,
        "balanced_accuracy": 0.0,
        "balanced_accuracy_answered": 0.0,
        "f1_fake": 0.0,
        "f1_real": 0.0,
        "precision_fake": 0.0,
        "recall_fake": 0.0,
        "precision_real": 0.0,
        "recall_real": 0.0,
        "abstain_rate": 0.0,
        "abstain_rate_fake": 0.0,
        "abstain_rate_real": 0.0,
        "coverage_fake": 0.0,
        "coverage_real": 0.0,
        "fake_slip_rate": 0.0,
        "real_false_flag_rate": 0.0,
        "fake_catch_rate": 0.0,
        "real_pass_rate": 0.0
      },
      "mean_error_rate": 0.015,
      "mean_abstain_rate": 0.63,
      "totals": {
        "avg_total": 200,
        "avg_support_fake": 98,
        "avg_support_real": 102
      }
    }
  }
}