{
  "_meta": {
    "temperature": 0.0,
    "max_iterations": 15,
    "trials": 1,
    "num_workers": 6,
    "reasoning_effort": null,
    "generated_at_unix": 1768315180.790813,
    "cancelled": false,
    "completed_records": 1000
  },
  "z-ai/glm-4.6:nitro|tools": {
    "per_trial": {
      "0": {
        "total": 500,
        "correct": 224,
        "answered": 375,
        "accuracy": 0.448,
        "accuracy_answered": 0.5973333333333334,
        "coverage": 0.75,
        "precision_fake": 0.7142857142857143,
        "recall_fake": 0.09375,
        "f1_fake": 0.16574585635359115,
        "precision_real": 0.5903954802259888,
        "recall_real": 0.9720930232558139,
        "f1_real": 0.7346221441124781,
        "balanced_accuracy": 0.5329215116279069,
        "balanced_accuracy_answered": 0.5329215116279069,
        "precision_fake_answered": 0.7142857142857143,
        "recall_fake_answered": 0.09375,
        "f1_fake_answered": 0.16574585635359115,
        "precision_real_answered": 0.5903954802259888,
        "recall_real_answered": 0.9720930232558139,
        "f1_real_answered": 0.7346221441124781,
        "avg_confidence": 0.8124266666666666,
        "avg_latency_seconds": 34.196188119252525,
        "avg_tool_count": 0.14933333333333335,
        "avg_tool_seconds_total": 1.535265547079582,
        "abstain_count": 116,
        "abstain_count_fake": 83,
        "abstain_count_real": 33,
        "error_count": 9,
        "abstain_rate": 0.232,
        "abstain_rate_fake": 0.3360323886639676,
        "abstain_rate_real": 0.13043478260869565,
        "error_rate": 0.018,
        "coverage_fake": 0.6639676113360324,
        "coverage_real": 0.8695652173913043,
        "fake_slip_rate": 0.5870445344129555,
        "real_false_flag_rate": 0.023715415019762844,
        "fake_catch_rate": 0.06072874493927125,
        "real_pass_rate": 0.8260869565217391,
        "confusion": {
          "tp": 15,
          "tn": 209,
          "fp": 6,
          "fn": 145
        },
        "support": {
          "real": 253,
          "fake": 247
        }
      }
    },
    "summary": {
      "mean": {
        "accuracy": 0.448,
        "accuracy_answered": 0.5973333333333334,
        "coverage": 0.75,
        "balanced_accuracy": 0.5329215116279069,
        "balanced_accuracy_answered": 0.5329215116279069,
        "f1_fake": 0.16574585635359115,
        "f1_real": 0.7346221441124781,
        "precision_fake": 0.7142857142857143,
        "recall_fake": 0.09375,
        "precision_real": 0.5903954802259888,
        "recall_real": 0.9720930232558139,
        "abstain_rate": 0.232,
        "abstain_rate_fake": 0.3360323886639676,
        "abstain_rate_real": 0.13043478260869565,
        "coverage_fake": 0.6639676113360324,
        "coverage_real": 0.8695652173913043,
        "fake_slip_rate": 0.5870445344129555,
        "real_false_flag_rate": 0.023715415019762844,
        "fake_catch_rate": 0.06072874493927125,
        "real_pass_rate": 0.8260869565217391
      },
      "std": {
        "accuracy": 0.0,
        "accuracy_answered": 0.0,
        "coverage": 0.0,
        "balanced_accuracy": 0.0,
        "balanced_accuracy_answered": 0.0,
        "f1_fake": 0.0,
        "f1_real": 0.0,
        "precision_fake": 0.0,
        "recall_fake": 0.0,
        "precision_real": 0.0,
        "recall_real": 0.0,
        "abstain_rate": 0.0,
        "abstain_rate_fake": 0.0,
        "abstain_rate_real": 0.0,
        "coverage_fake": 0.0,
        "coverage_real": 0.0,
        "fake_slip_rate": 0.0,
        "real_false_flag_rate": 0.0,
        "fake_catch_rate": 0.0,
        "real_pass_rate": 0.0
      },
      "mean_error_rate": 0.018,
      "mean_abstain_rate": 0.232,
      "totals": {
        "avg_total": 500,
        "avg_support_fake": 247,
        "avg_support_real": 253
      }
    }
  },
  "z-ai/glm-4.6:nitro|no-tools": {
    "per_trial": {
      "0": {
        "total": 500,
        "correct": 209,
        "answered": 318,
        "accuracy": 0.418,
        "accuracy_answered": 0.6572327044025157,
        "coverage": 0.636,
        "precision_fake": 1.0,
        "recall_fake": 0.07627118644067797,
        "f1_fake": 0.14173228346456693,
        "precision_real": 0.6472491909385113,
        "recall_real": 1.0,
        "f1_real": 0.7858546168958743,
        "balanced_accuracy": 0.538135593220339,
        "balanced_accuracy_answered": 0.538135593220339,
        "precision_fake_answered": 1.0,
        "recall_fake_answered": 0.07627118644067797,
        "f1_fake_answered": 0.14173228346456693,
        "precision_real_answered": 0.6472491909385113,
        "recall_real_answered": 1.0,
        "f1_real_answered": 0.7858546168958743,
        "avg_confidence": 0.855188679245283,
        "avg_latency_seconds": 0.19984140261164252,
        "avg_tool_count": 0.0,
        "avg_tool_seconds_total": 0.0,
        "abstain_count": 182,
        "abstain_count_fake": 129,
        "abstain_count_real": 53,
        "error_count": 0,
        "abstain_rate": 0.364,
        "abstain_rate_fake": 0.5222672064777328,
        "abstain_rate_real": 0.20948616600790515,
        "error_rate": 0.0,
        "coverage_fake": 0.4777327935222672,
        "coverage_real": 0.7905138339920948,
        "fake_slip_rate": 0.44129554655870445,
        "real_false_flag_rate": 0.0,
        "fake_catch_rate": 0.03643724696356275,
        "real_pass_rate": 0.7905138339920948,
        "confusion": {
          "tp": 9,
          "tn": 200,
          "fp": 0,
          "fn": 109
        },
        "support": {
          "real": 253,
          "fake": 247
        }
      }
    },
    "summary": {
      "mean": {
        "accuracy": 0.418,
        "accuracy_answered": 0.6572327044025157,
        "coverage": 0.636,
        "balanced_accuracy": 0.538135593220339,
        "balanced_accuracy_answered": 0.538135593220339,
        "f1_fake": 0.14173228346456693,
        "f1_real": 0.7858546168958743,
        "precision_fake": 1.0,
        "recall_fake": 0.07627118644067797,
        "precision_real": 0.6472491909385113,
        "recall_real": 1.0,
        "abstain_rate": 0.364,
        "abstain_rate_fake": 0.5222672064777328,
        "abstain_rate_real": 0.20948616600790515,
        "coverage_fake": 0.4777327935222672,
        "coverage_real": 0.7905138339920948,
        "fake_slip_rate": 0.44129554655870445,
        "real_false_flag_rate": 0.0,
        "fake_catch_rate": 0.03643724696356275,
        "real_pass_rate": 0.7905138339920948
      },
      "std": {
        "accuracy": 0.0,
        "accuracy_answered": 0.0,
        "coverage": 0.0,
        "balanced_accuracy": 0.0,
        "balanced_accuracy_answered": 0.0,
        "f1_fake": 0.0,
        "f1_real": 0.0,
        "precision_fake": 0.0,
        "recall_fake": 0.0,
        "precision_real": 0.0,
        "recall_real": 0.0,
        "abstain_rate": 0.0,
        "abstain_rate_fake": 0.0,
        "abstain_rate_real": 0.0,
        "coverage_fake": 0.0,
        "coverage_real": 0.0,
        "fake_slip_rate": 0.0,
        "real_false_flag_rate": 0.0,
        "fake_catch_rate": 0.0,
        "real_pass_rate": 0.0
      },
      "mean_error_rate": 0.0,
      "mean_abstain_rate": 0.364,
      "totals": {
        "avg_total": 500,
        "avg_support_fake": 247,
        "avg_support_real": 253
      }
    }
  }
}