{
  "_meta": {
    "temperature": 0.0,
    "max_iterations": 15,
    "trials": 1,
    "num_workers": 6,
    "reasoning_effort": null,
    "generated_at_unix": 1768932638.101675,
    "cancelled": false,
    "completed_records": 500
  },
  "z-ai/glm-4.6:nitro|tools": {
    "per_trial": {
      "0": {
        "total": 500,
        "correct": 252,
        "answered": 300,
        "accuracy": 0.504,
        "accuracy_answered": 0.84,
        "coverage": 0.6,
        "precision_fake": 0.9148148148148149,
        "recall_fake": 0.9080882352941176,
        "f1_fake": 0.911439114391144,
        "precision_real": 0.16666666666666666,
        "recall_real": 0.17857142857142858,
        "f1_real": 0.17241379310344826,
        "balanced_accuracy": 0.5433298319327731,
        "balanced_accuracy_answered": 0.5433298319327731,
        "precision_fake_answered": 0.9148148148148149,
        "recall_fake_answered": 0.9080882352941176,
        "f1_fake_answered": 0.911439114391144,
        "precision_real_answered": 0.16666666666666666,
        "recall_real_answered": 0.17857142857142858,
        "f1_real_answered": 0.17241379310344826,
        "avg_confidence": 0.8072,
        "avg_latency_seconds": 29.715985380013784,
        "avg_tool_count": 3.743333333333333,
        "avg_tool_seconds_total": 0.5337045436852362,
        "abstain_count": 199,
        "abstain_count_fake": 171,
        "abstain_count_real": 28,
        "error_count": 1,
        "abstain_rate": 0.398,
        "abstain_rate_fake": 0.38513513513513514,
        "abstain_rate_real": 0.5,
        "error_rate": 0.002,
        "coverage_fake": 0.6148648648648649,
        "coverage_real": 0.5,
        "fake_slip_rate": 0.05630630630630631,
        "real_false_flag_rate": 0.4107142857142857,
        "fake_catch_rate": 0.5563063063063063,
        "real_pass_rate": 0.08928571428571429,
        "confusion": {
          "tp": 247,
          "tn": 5,
          "fp": 23,
          "fn": 25
        },
        "support": {
          "real": 56,
          "fake": 444
        }
      }
    },
    "summary": {
      "mean": {
        "accuracy": 0.504,
        "accuracy_answered": 0.84,
        "coverage": 0.6,
        "balanced_accuracy": 0.5433298319327731,
        "balanced_accuracy_answered": 0.5433298319327731,
        "f1_fake": 0.911439114391144,
        "f1_real": 0.17241379310344826,
        "precision_fake": 0.9148148148148149,
        "recall_fake": 0.9080882352941176,
        "precision_real": 0.16666666666666666,
        "recall_real": 0.17857142857142858,
        "abstain_rate": 0.398,
        "abstain_rate_fake": 0.38513513513513514,
        "abstain_rate_real": 0.5,
        "coverage_fake": 0.6148648648648649,
        "coverage_real": 0.5,
        "fake_slip_rate": 0.05630630630630631,
        "real_false_flag_rate": 0.4107142857142857,
        "fake_catch_rate": 0.5563063063063063,
        "real_pass_rate": 0.08928571428571429
      },
      "std": {
        "accuracy": 0.0,
        "accuracy_answered": 0.0,
        "coverage": 0.0,
        "balanced_accuracy": 0.0,
        "balanced_accuracy_answered": 0.0,
        "f1_fake": 0.0,
        "f1_real": 0.0,
        "precision_fake": 0.0,
        "recall_fake": 0.0,
        "precision_real": 0.0,
        "recall_real": 0.0,
        "abstain_rate": 0.0,
        "abstain_rate_fake": 0.0,
        "abstain_rate_real": 0.0,
        "coverage_fake": 0.0,
        "coverage_real": 0.0,
        "fake_slip_rate": 0.0,
        "real_false_flag_rate": 0.0,
        "fake_catch_rate": 0.0,
        "real_pass_rate": 0.0
      },
      "mean_error_rate": 0.002,
      "mean_abstain_rate": 0.398,
      "totals": {
        "avg_total": 500,
        "avg_support_fake": 444,
        "avg_support_real": 56
      }
    }
  }
}