{
  "_meta": {
    "temperature": 0.0,
    "max_iterations": 15,
    "trials": 1,
    "num_workers": 6,
    "reasoning_effort": null,
    "generated_at_unix": 1768929542.0334103,
    "cancelled": false,
    "completed_records": 500
  },
  "moonshotai/kimi-k2-thinking:nitro|tools": {
    "per_trial": {
      "0": {
        "total": 500,
        "correct": 208,
        "answered": 242,
        "accuracy": 0.416,
        "accuracy_answered": 0.859504132231405,
        "coverage": 0.484,
        "precision_fake": 0.8922413793103449,
        "recall_fake": 0.9583333333333334,
        "f1_fake": 0.9241071428571428,
        "precision_real": 0.1,
        "recall_real": 0.038461538461538464,
        "f1_real": 0.05555555555555555,
        "balanced_accuracy": 0.4983974358974359,
        "balanced_accuracy_answered": 0.4983974358974359,
        "precision_fake_answered": 0.8922413793103449,
        "recall_fake_answered": 0.9583333333333334,
        "f1_fake_answered": 0.9241071428571428,
        "precision_real_answered": 0.1,
        "recall_real_answered": 0.038461538461538464,
        "f1_real_answered": 0.05555555555555555,
        "avg_confidence": 0.8439669421487603,
        "avg_latency_seconds": 37.235750249594695,
        "avg_tool_count": 5.1570247933884295,
        "avg_tool_seconds_total": 3.283555076957176,
        "abstain_count": 255,
        "abstain_count_fake": 226,
        "abstain_count_real": 29,
        "error_count": 3,
        "abstain_rate": 0.51,
        "abstain_rate_fake": 0.509009009009009,
        "abstain_rate_real": 0.5178571428571429,
        "error_rate": 0.006,
        "coverage_fake": 0.49099099099099097,
        "coverage_real": 0.48214285714285715,
        "fake_slip_rate": 0.02027027027027027,
        "real_false_flag_rate": 0.44642857142857145,
        "fake_catch_rate": 0.46621621621621623,
        "real_pass_rate": 0.017857142857142856,
        "confusion": {
          "tp": 207,
          "tn": 1,
          "fp": 25,
          "fn": 9
        },
        "support": {
          "real": 56,
          "fake": 444
        }
      }
    },
    "summary": {
      "mean": {
        "accuracy": 0.416,
        "accuracy_answered": 0.859504132231405,
        "coverage": 0.484,
        "balanced_accuracy": 0.4983974358974359,
        "balanced_accuracy_answered": 0.4983974358974359,
        "f1_fake": 0.9241071428571428,
        "f1_real": 0.05555555555555555,
        "precision_fake": 0.8922413793103449,
        "recall_fake": 0.9583333333333334,
        "precision_real": 0.1,
        "recall_real": 0.038461538461538464,
        "abstain_rate": 0.51,
        "abstain_rate_fake": 0.509009009009009,
        "abstain_rate_real": 0.5178571428571429,
        "coverage_fake": 0.49099099099099097,
        "coverage_real": 0.48214285714285715,
        "fake_slip_rate": 0.02027027027027027,
        "real_false_flag_rate": 0.44642857142857145,
        "fake_catch_rate": 0.46621621621621623,
        "real_pass_rate": 0.017857142857142856
      },
      "std": {
        "accuracy": 0.0,
        "accuracy_answered": 0.0,
        "coverage": 0.0,
        "balanced_accuracy": 0.0,
        "balanced_accuracy_answered": 0.0,
        "f1_fake": 0.0,
        "f1_real": 0.0,
        "precision_fake": 0.0,
        "recall_fake": 0.0,
        "precision_real": 0.0,
        "recall_real": 0.0,
        "abstain_rate": 0.0,
        "abstain_rate_fake": 0.0,
        "abstain_rate_real": 0.0,
        "coverage_fake": 0.0,
        "coverage_real": 0.0,
        "fake_slip_rate": 0.0,
        "real_false_flag_rate": 0.0,
        "fake_catch_rate": 0.0,
        "real_pass_rate": 0.0
      },
      "mean_error_rate": 0.006,
      "mean_abstain_rate": 0.51,
      "totals": {
        "avg_total": 500,
        "avg_support_fake": 444,
        "avg_support_real": 56
      }
    }
  }
}