{
  "_meta": {
    "temperature": 0.0,
    "max_iterations": 15,
    "trials": 1,
    "num_workers": 6,
    "reasoning_effort": null,
    "generated_at_unix": 1768925777.2791862,
    "cancelled": false,
    "completed_records": 500
  },
  "xiaomi/mimo-v2-flash:free|tools": {
    "per_trial": {
      "0": {
        "total": 500,
        "correct": 95,
        "answered": 298,
        "accuracy": 0.19,
        "accuracy_answered": 0.3187919463087248,
        "coverage": 0.596,
        "precision_fake": 0.872093023255814,
        "recall_fake": 0.2808988764044944,
        "f1_fake": 0.42492917847025496,
        "precision_real": 0.09433962264150944,
        "recall_real": 0.6451612903225806,
        "f1_real": 0.16460905349794241,
        "balanced_accuracy": 0.4630300833635375,
        "balanced_accuracy_answered": 0.4630300833635375,
        "precision_fake_answered": 0.872093023255814,
        "recall_fake_answered": 0.2808988764044944,
        "f1_fake_answered": 0.42492917847025496,
        "precision_real_answered": 0.09433962264150944,
        "recall_real_answered": 0.6451612903225806,
        "f1_real_answered": 0.16460905349794241,
        "avg_confidence": 0.8376845637583893,
        "avg_latency_seconds": 35.39321400655196,
        "avg_tool_count": 0.1040268456375839,
        "avg_tool_seconds_total": 0.8253494000018691,
        "abstain_count": 201,
        "abstain_count_fake": 176,
        "abstain_count_real": 25,
        "error_count": 1,
        "abstain_rate": 0.402,
        "abstain_rate_fake": 0.3963963963963964,
        "abstain_rate_real": 0.44642857142857145,
        "error_rate": 0.002,
        "coverage_fake": 0.6036036036036037,
        "coverage_real": 0.5535714285714286,
        "fake_slip_rate": 0.43243243243243246,
        "real_false_flag_rate": 0.19642857142857142,
        "fake_catch_rate": 0.16891891891891891,
        "real_pass_rate": 0.35714285714285715,
        "confusion": {
          "tp": 75,
          "tn": 20,
          "fp": 11,
          "fn": 192
        },
        "support": {
          "real": 56,
          "fake": 444
        }
      }
    },
    "summary": {
      "mean": {
        "accuracy": 0.19,
        "accuracy_answered": 0.3187919463087248,
        "coverage": 0.596,
        "balanced_accuracy": 0.4630300833635375,
        "balanced_accuracy_answered": 0.4630300833635375,
        "f1_fake": 0.42492917847025496,
        "f1_real": 0.16460905349794241,
        "precision_fake": 0.872093023255814,
        "recall_fake": 0.2808988764044944,
        "precision_real": 0.09433962264150944,
        "recall_real": 0.6451612903225806,
        "abstain_rate": 0.402,
        "abstain_rate_fake": 0.3963963963963964,
        "abstain_rate_real": 0.44642857142857145,
        "coverage_fake": 0.6036036036036037,
        "coverage_real": 0.5535714285714286,
        "fake_slip_rate": 0.43243243243243246,
        "real_false_flag_rate": 0.19642857142857142,
        "fake_catch_rate": 0.16891891891891891,
        "real_pass_rate": 0.35714285714285715
      },
      "std": {
        "accuracy": 0.0,
        "accuracy_answered": 0.0,
        "coverage": 0.0,
        "balanced_accuracy": 0.0,
        "balanced_accuracy_answered": 0.0,
        "f1_fake": 0.0,
        "f1_real": 0.0,
        "precision_fake": 0.0,
        "recall_fake": 0.0,
        "precision_real": 0.0,
        "recall_real": 0.0,
        "abstain_rate": 0.0,
        "abstain_rate_fake": 0.0,
        "abstain_rate_real": 0.0,
        "coverage_fake": 0.0,
        "coverage_real": 0.0,
        "fake_slip_rate": 0.0,
        "real_false_flag_rate": 0.0,
        "fake_catch_rate": 0.0,
        "real_pass_rate": 0.0
      },
      "mean_error_rate": 0.002,
      "mean_abstain_rate": 0.402,
      "totals": {
        "avg_total": 500,
        "avg_support_fake": 444,
        "avg_support_real": 56
      }
    }
  }
}