{
  "_meta": {
    "temperature": 0.0,
    "max_iterations": 15,
    "trials": 1,
    "num_workers": 6,
    "reasoning_effort": null,
    "generated_at_unix": 1769079620.0626435,
    "cancelled": false,
    "completed_records": 500
  },
  "xiaomi/mimo-v2-flash:free|tools": {
    "per_trial": {
      "0": {
        "total": 500,
        "correct": 118,
        "answered": 297,
        "accuracy": 0.236,
        "accuracy_answered": 0.39730639730639733,
        "coverage": 0.594,
        "precision_fake": 0.9292929292929293,
        "recall_fake": 0.3484848484848485,
        "f1_fake": 0.5068870523415979,
        "precision_real": 0.13131313131313133,
        "recall_real": 0.7878787878787878,
        "f1_real": 0.22510822510822515,
        "balanced_accuracy": 0.5681818181818181,
        "balanced_accuracy_answered": 0.5681818181818181,
        "precision_fake_answered": 0.9292929292929293,
        "recall_fake_answered": 0.3484848484848485,
        "f1_fake_answered": 0.5068870523415979,
        "precision_real_answered": 0.13131313131313133,
        "recall_real_answered": 0.7878787878787878,
        "f1_real_answered": 0.22510822510822515,
        "avg_confidence": 0.8302693602693603,
        "avg_latency_seconds": 29.84525951632747,
        "avg_tool_count": 0.17845117845117844,
        "avg_tool_seconds_total": 0.2734564333455637,
        "abstain_count": 200,
        "abstain_count_fake": 177,
        "abstain_count_real": 23,
        "error_count": 3,
        "abstain_rate": 0.4,
        "abstain_rate_fake": 0.39864864864864863,
        "abstain_rate_real": 0.4107142857142857,
        "error_rate": 0.006,
        "coverage_fake": 0.6013513513513513,
        "coverage_real": 0.5892857142857143,
        "fake_slip_rate": 0.38738738738738737,
        "real_false_flag_rate": 0.125,
        "fake_catch_rate": 0.2072072072072072,
        "real_pass_rate": 0.4642857142857143,
        "confusion": {
          "tp": 92,
          "tn": 26,
          "fp": 7,
          "fn": 172
        },
        "support": {
          "real": 56,
          "fake": 444
        }
      }
    },
    "summary": {
      "mean": {
        "accuracy": 0.236,
        "accuracy_answered": 0.39730639730639733,
        "coverage": 0.594,
        "balanced_accuracy": 0.5681818181818181,
        "balanced_accuracy_answered": 0.5681818181818181,
        "f1_fake": 0.5068870523415979,
        "f1_real": 0.22510822510822515,
        "precision_fake": 0.9292929292929293,
        "recall_fake": 0.3484848484848485,
        "precision_real": 0.13131313131313133,
        "recall_real": 0.7878787878787878,
        "abstain_rate": 0.4,
        "abstain_rate_fake": 0.39864864864864863,
        "abstain_rate_real": 0.4107142857142857,
        "coverage_fake": 0.6013513513513513,
        "coverage_real": 0.5892857142857143,
        "fake_slip_rate": 0.38738738738738737,
        "real_false_flag_rate": 0.125,
        "fake_catch_rate": 0.2072072072072072,
        "real_pass_rate": 0.4642857142857143
      },
      "std": {
        "accuracy": 0.0,
        "accuracy_answered": 0.0,
        "coverage": 0.0,
        "balanced_accuracy": 0.0,
        "balanced_accuracy_answered": 0.0,
        "f1_fake": 0.0,
        "f1_real": 0.0,
        "precision_fake": 0.0,
        "recall_fake": 0.0,
        "precision_real": 0.0,
        "recall_real": 0.0,
        "abstain_rate": 0.0,
        "abstain_rate_fake": 0.0,
        "abstain_rate_real": 0.0,
        "coverage_fake": 0.0,
        "coverage_real": 0.0,
        "fake_slip_rate": 0.0,
        "real_false_flag_rate": 0.0,
        "fake_catch_rate": 0.0,
        "real_pass_rate": 0.0
      },
      "mean_error_rate": 0.006,
      "mean_abstain_rate": 0.4,
      "totals": {
        "avg_total": 500,
        "avg_support_fake": 444,
        "avg_support_real": 56
      }
    }
  }
}